{"cameraMode":{"drawMode":0,"name":"Shaded","section":"Shading Mode"},"sceneLighting":true,"audioPlay":false,"sceneViewState":{"showFog":false,"showMaterialUpdate":false,"showSkybox":false,"showFlares":false,"showImageEffects":false,"showParticleSystems":false},"in2DMode":false,"pivot":{"x":1.752312183380127,"y":-0.20745563507080079,"z":-5.665254592895508},"rotation":{"x":0.2059057503938675,"y":0.5268117785453796,"z":-0.13328859210014344,"w":0.8138237595558167},"size":17.82661247253418,"orthographic":false}