{"cameraMode":{"drawMode":0,"name":"Shaded","section":"Shading Mode"},"sceneLighting":true,"audioPlay":false,"sceneViewState":{"showFog":false,"showMaterialUpdate":false,"showSkybox":false,"showFlares":false,"showImageEffects":false,"showParticleSystems":false},"in2DMode":false,"pivot":{"x":1.4888629913330079,"y":-0.8998456597328186,"z":-5.992484092712402},"rotation":{"x":0.2059057503938675,"y":0.5268117785453796,"z":-0.13328859210014344,"w":0.8138237595558167},"size":11.350000381469727,"orthographic":false}