{"cameraMode":{"drawMode":0,"name":"Shaded","section":"Shading Mode"},"sceneLighting":true,"audioPlay":false,"sceneViewState":{"showFog":false,"showMaterialUpdate":false,"showSkybox":false,"showFlares":false,"showImageEffects":false,"showParticleSystems":false},"in2DMode":false,"pivot":{"x":-0.8861379623413086,"y":-0.251340389251709,"z":0.1564497947692871},"rotation":{"x":0.2059057503938675,"y":0.5268117785453796,"z":-0.13328859210014344,"w":0.8138237595558167},"size":11.812763214111329,"orthographic":false}